{
    "loss": 47.06648635864258,
    "accuracy": 0.5686274766921997
}